id, name
0z5Sp5kPFConDlXjb0V9vJ,VANISHING GIRL
6HvZYsbFfjnjFrWF950C9d,NewJeans
3l0CmX0FuQjFxr8SK7Vqag,Clairo
0LOK81e9H5lr61HlGGHqwA,XG
0xUNWefnIKxk31Qhg634BY,OTPendia
4PwlsrN0t5mLN0C827cbEU,L'Imp√©ratrice
2GQxKDojobwBjZMPf7aoh0,Billlie
2KC9Qb60EaY0kW4eH68vr3,ITZY
2J9XKuzbhYp7Ibs7sqGoGB,verycoybunny
7v5NBcbJPldtdx1S2zQRtZ,AyVe
0imE3buPhAowREqCrr4CYe,Peach Tree Rascals
74XFHRwlV6OrjEM0A2NCMF,Paramore
1lYNHBChDDWC233o6ribbt,EASHA
3zmfs9cQwzJl575W1ZYXeT,Men I Trust
6HaGTQPmzraVmaVxvz6EUc,Jung Kook
4TEK9tIkcoxib4GxT3O4ky,KISS OF LIFE
74KM79TiuVKeVCqs8QtB0B,Sabrina Carpenter
0ghlgldX5Dd6720Q3qFyQB,TOMORROW X TOGETHER
0qlWcS66ohOIi0M8JZwPft,GFRIEND
6CP5wWvO8oIxedESJNCN4H,Ski Aggu